Umair lqbal iqbalumair@gmail.com UmairIqbal Umair123 data/pictures/Umair.jpeg
Rasha Iqbal iqbalrasha@aol.com RashaIqbal Rasha123 data/pictures/Umair.jpeg
Zain Ahmad ahmadzain@gmail.com ZainAhmad Zain123 data/pictures/Umair.jpeg
John Doe doejohn@gmail.com JohnDoe John123 data/pictures/Umair.jpeg
Lebron James kingJames@gmail.com KingJames KingJames123 data/pictures/Umair.jpeg
Kyrie Irving irvingkyrie@gmail.com KyrieIrving KyrieIrving123 data/pictures/Umair.jpeg
Dean Winchester winchesterdean@gmail.com DeanWinchester DeanWinchester123 data/pictures/Umair.jpeg
Klaus Mikealson kmike@aol.com HybridKlaus Allah@786 data/pictures/Umair.jpeg
Zack Ansari Zackansari@gmail.com ZackAnsari Zack123 data/pictures/LebronJames.jpg